entry,exit,total_trades,win_rate,total_pnl,profit_factor,max_drawdown
E6,EX5,38,0.34210526315789475,832933.6379438848,1.4760941872285391,470000.0
E6,EX3,38,0.34210526315789475,737262.0332470571,1.3995597354420464,544843.6137461567
E3,EX5,40,0.325,720275.4372739475,1.3867930586507053,470000.0
E6,EX1,31,0.3870967741935484,654537.8835052135,1.352779211451261,573355.2022238341
E3,EX3,40,0.325,624603.8325771198,1.3190263197510244,557760.3614273199
E2,EX6,68,0.39705882352941174,600357.4062544329,1.2166931663823937,791054.7726360594
E3,EX1,33,0.36363636363636365,470314.0223193787,1.2305913827322796,597078.769504314
E5,EX5,58,0.3103448275862069,382449.3937785432,1.1472958309860486,811280.2124023435
E4,EX5,60,0.3,381158.8301678079,1.1414581239181019,907062.1230347338
E4,EX6,59,0.3728813559322034,362496.06898652785,1.1430537063572173,790209.9435468052
E4,EX3,58,0.3103448275862069,359620.6999655296,1.1324063809246006,993465.6316298906
E4_MACD,EX1,14,0.42857142857142855,350011.33123025956,1.4543707555979681,341834.53884999617
E5_MACD,EX7,17,0.5882352941176471,347066.3810357945,2.0720442890231574,146128.9107858839
E5_MACD,EX4,17,0.5882352941176471,347066.3810357945,2.0720442890231574,146128.9107858839
E5_MACD,EX2,17,0.5882352941176471,347066.3810357945,2.0720442890231574,146128.9107858839
E5_MACD,EX1,13,0.3846153846153847,343964.81876154937,1.446521414179553,341834.53884999594
E5_MACD,EX5,17,0.29411764705882354,332631.9262592934,1.5584184251823743,374276.0464843011
E5_MACD,EX3,17,0.29411764705882354,332631.9262592934,1.5584184251823743,374276.0464843011
E6,EX5_MACD,41,0.4146341463414634,330427.942446704,1.1979383885965105,470000.0
E4_MACD,EX2,18,0.5555555555555556,329917.7572922372,1.9678095425976103,146128.9107858839
E4_MACD,EX4,18,0.5555555555555556,329917.7572922372,1.9678095425976103,146128.9107858839
E4_MACD,EX7,18,0.5555555555555556,329917.7572922372,1.9678095425976103,146128.9107858839
E5,EX6,58,0.3793103448275862,326074.0831502321,1.131817924862456,710279.0152814849
E4_MACD,EX3,18,0.2777777777777778,309535.43391163595,1.5002476575458294,397372.53883195855
E4_MACD,EX5,18,0.2777777777777778,309535.43391163595,1.5002476575458294,397372.53883195855
E5_MACD,EX7_MACD,17,0.5882352941176471,305235.44602629304,1.942833805289183,146128.91078588378
E5_MACD,EX4_MACD,17,0.5882352941176471,305235.44602629304,1.942833805289183,146128.91078588378
E5_MACD,EX2_MACD,17,0.5882352941176471,305235.44602629304,1.942833805289183,146128.91078588378
E5,EX3,57,0.3157894736842105,300102.40425732324,1.1120279074034767,956246.3628574846
E6,EX1_MACD,41,0.3902439024390244,298712.42522092536,1.177660324053018,470755.40974336537
E5,EX1_MACD,61,0.3442622950819672,292786.8048346238,1.1166590620292172,812035.6221457091
E4_MACD,EX4_MACD,18,0.5555555555555556,288086.82228273567,1.8450990270732355,146128.91078588367
E4_MACD,EX2_MACD,18,0.5555555555555556,288086.82228273567,1.8450990270732355,146128.91078588367
E4_MACD,EX7_MACD,18,0.5555555555555556,288086.82228273567,1.8450990270732355,146128.91078588367
E6,EX3_MACD,41,0.4146341463414634,234756.33774987655,1.1330049884413926,470000.0
E4,EX7,74,0.36486486486486486,233986.1786750782,1.1114049041902052,582535.5000753966
E4,EX4,74,0.36486486486486486,233986.1786750782,1.1114049041902052,582535.5000753966
E3,EX5_MACD,44,0.38636363636363635,214328.29691463802,1.120041808324139,470000.0
E6_MACD,EX3,11,0.2727272727272727,211191.14386586414,1.5833473281151478,190468.3502685104
E6_MACD,EX5,11,0.2727272727272727,211191.14386586414,1.5833473281151478,190468.3502685104
E4,EX1_MACD,63,0.33333333333333326,208271.79154711368,1.0791640295373304,812035.6221457093
E5_MACD,EX3_MACD,17,0.4117647058823529,204729.46583773402,1.5321053326328224,114507.18010465673
E5_MACD,EX5_MACD,17,0.4117647058823529,204729.46583773402,1.5321053326328224,114507.18010465673
E4,EX2,74,0.36486486486486486,194080.4128158741,1.090682127299619,582535.5000753968
E5,EX5_MACD,63,0.36507936507936506,194035.75671728794,1.0760507407314284,811280.2124023438
E4,EX5_MACD,65,0.35384615384615387,192745.1931065527,1.0727497718353143,811280.2124023438
E4,EX4_MACD,74,0.36486486486486486,192155.2436655768,1.0914884658206059,582535.5000753966
E4,EX7_MACD,74,0.36486486486486486,192155.2436655768,1.0914884658206059,582535.5000753966
E4_MACD,EX5_MACD,18,0.38888888888888895,185122.03421242998,1.45781368502606,127675.5655983995
E4_MACD,EX3_MACD,18,0.38888888888888895,185122.03421242998,1.45781368502606,127675.5655983995
E5_MACD,EX6,17,0.4117647058823529,177668.13633516952,1.4314270914689766,135129.46347565996
E5_MACD,EX1_MACD,17,0.4117647058823529,177668.13633516952,1.4314270914689766,135129.46347565996
E5,EX1,47,0.3191489361702128,172361.84927341377,1.0618864112704254,1189737.511073249
E4_MACD,EX6,18,0.38888888888888895,158060.70470986547,1.3663711081104968,154736.895100964
E4_MACD,EX1_MACD,18,0.38888888888888895,158060.70470986547,1.3663711081104968,154736.895100964
E3,EX1_MACD,44,0.36363636363636365,155551.45018629485,1.0852556645606628,470755.40974336537
E6,EX6,41,0.3902439024390244,155281.95950088114,1.0850953913792911,491295.12668154493
E4,EX2_MACD,74,0.36486486486486486,152249.47780637257,1.0711370422569957,582535.5000753966
E4,EX3_MACD,63,0.36507936507936506,140024.42275939242,1.0518196806803388,831263.0006310515
E3,EX3_MACD,44,0.38636363636363635,118656.69221781043,1.0630777275147192,527006.2001685606
E3_MACD,EX3,12,0.25,114151.58730209769,1.248656812962589,242256.90564203565
E3_MACD,EX5,12,0.25,114151.58730209769,1.248656812962589,242256.90564203565
E6,EX7,44,0.4090909090909091,108540.45563741704,1.0849932511700888,310581.9068386351
E6,EX4,44,0.4090909090909091,108540.45563741704,1.0849932511700888,310581.9068386351
E2_MACD,EX3,23,0.21739130434782608,105855.79635834756,1.1151460745003472,697925.611043894
E2_MACD,EX5,23,0.21739130434782608,105855.79635834756,1.1151460745003472,697925.611043894
E5,EX4,72,0.3472222222222222,104920.86280308559,1.049513048617991,582535.5000753966
E5,EX7,72,0.3472222222222222,104920.86280308559,1.049513048617991,582535.5000753966
E4,EX1,49,0.30612244897959184,87846.83598590398,1.0301815042610543,1310861.9490365074
E1_MACD,EX1,26,0.2692307692307692,83287.20492391154,1.0562471393896773,854095.0906296087
E5,EX3_MACD,62,0.3709677419354838,80506.12705118628,1.030209491141125,794043.7318586454
E6,EX2,44,0.4090909090909091,68634.68977821287,1.0521162512332873,334601.42448132625
E6,EX4_MACD,44,0.4090909090909091,66709.52062791557,1.0522372880127295,352412.8418481365
E6,EX7_MACD,44,0.4090909090909091,66709.52062791557,1.0522372880127295,352412.8418481365
E5,EX2,72,0.3472222222222222,65015.09694388136,1.030114073548391,582535.5000753966
E1,EX6,64,0.484375,64335.052852990804,1.0194479136176617,1481850.6028717842
E5,EX7_MACD,72,0.3472222222222222,63089.927793584066,1.029772674172647,582535.5000753968
E5,EX4_MACD,72,0.3472222222222222,63089.927793584066,1.029772674172647,582535.5000753968
E2_MACD,EX1,18,0.2777777777777778,44245.40059644735,1.0379165958045558,728227.0484510313
E1,EX3,93,0.24731182795698925,43059.93377377791,1.0130332726598785,1467049.0504232498
E6,EX2_MACD,44,0.4090909090909091,26803.754768711282,1.020352845216254,376432.3594908279
E5,EX2_MACD,72,0.3472222222222222,23184.16193437972,1.0107385759687837,582535.5000753968
E6_MACD,EX1,9,0.4444444444444444,20871.181466320122,1.0384794101930082,341834.53884999617
E3,EX6,44,0.36363636363636365,12120.984466250695,1.0061591630279072,613091.7736427767
E2_MACD,EX4,26,0.5384615384615384,-10392.270639193051,0.9854272238817008,276188.89503761916
E2_MACD,EX7,26,0.5384615384615384,-10392.270639193051,0.9854272238817008,276188.89503761916
E2_MACD,EX2,26,0.5384615384615384,-10392.270639193051,0.9854272238817008,276188.89503761916
E1_MACD,EX2,40,0.5,-15345.04534800483,0.9820466661999514,286239.75746832974
E1_MACD,EX4,40,0.5,-15345.04534800483,0.9820466661999514,286239.75746832974
E6_MACD,EX2,11,0.5454545454545454,-15702.05612246924,0.9408819191774973,146128.91078588378
E6_MACD,EX7,11,0.5454545454545454,-15702.05612246924,0.9408819191774973,146128.91078588378
E6_MACD,EX4,11,0.5454545454545454,-15702.05612246924,0.9408819191774973,146128.91078588378
E1_MACD,EX3,34,0.2352941176470588,-20820.097664367713,0.981475504538893,734724.1835466325
E1_MACD,EX7,39,0.48717948717948717,-28927.831257139027,0.9661551335370657,299822.54337746406
E2_MACD,EX7_MACD,27,0.5555555555555556,-33190.95136953743,0.9534573030038812,276188.8950376193
E2_MACD,EX4_MACD,27,0.5555555555555556,-33190.95136953743,0.9534573030038812,276188.8950376193
E2_MACD,EX2_MACD,27,0.5555555555555556,-33190.95136953743,0.9534573030038812,276188.8950376193
E1_MACD,EX4_MACD,41,0.5121951219512195,-38143.72607834927,0.9553727583639068,302622.85223401233
E1_MACD,EX2_MACD,41,0.5121951219512195,-38143.72607834927,0.9553727583639068,302622.85223401233
E1_MACD,EX7_MACD,40,0.5,-51726.51198748346,0.9394812257010211,316205.6381431465
E6_MACD,EX7_MACD,11,0.5454545454545454,-57532.99113197073,0.7833888763884183,146128.9107858839
E6_MACD,EX4_MACD,11,0.5454545454545454,-57532.99113197073,0.7833888763884183,146128.9107858839
E6_MACD,EX2_MACD,11,0.5454545454545454,-57532.99113197073,0.7833888763884183,146128.9107858839
E2,EX1_MACD,78,0.3076923076923077,-67098.43727297313,0.9797585212541267,1186346.8952684884
E3_MACD,EX1,10,0.4,-90145.08005884805,0.8620400702235099,341834.53884999594
E1_MACD,EX5,35,0.2,-92933.98015761173,0.9212706579196267,806838.0660398765
E3_MACD,EX7,12,0.5,-94378.48518585398,0.725868184394897,146128.91078588378
E3_MACD,EX2,12,0.5,-94378.48518585398,0.725868184394897,146128.91078588378
E3_MACD,EX4,12,0.5,-94378.48518585398,0.725868184394897,146128.91078588378
E6_MACD,EX6,11,0.36363636363636365,-99950.89067658043,0.6551045052905115,157245.65385487583
E6_MACD,EX5_MACD,11,0.36363636363636365,-99950.89067658043,0.6551045052905115,157245.65385487583
E6_MACD,EX1_MACD,11,0.36363636363636365,-99950.89067658043,0.6551045052905115,157245.65385487583
E6_MACD,EX3_MACD,11,0.36363636363636365,-99950.89067658043,0.6551045052905115,157245.65385487583
E1,EX5,97,0.2268041237113402,-105307.16253993008,0.9685065453953751,1374992.4727514999
E3,EX7,48,0.39583333333333326,-107288.77070027601,0.9288457598847201,379100.85231181514
E3,EX4,48,0.39583333333333326,-107288.77070027601,0.9288457598847201,379100.85231181514
E2,EX5,72,0.25,-115466.2932906982,0.9627248979039615,1290711.4800239536
E3_MACD,EX2_MACD,12,0.5,-136209.4201953555,0.6043660206333992,159252.1844030033
E3_MACD,EX7_MACD,12,0.5,-136209.4201953555,0.6043660206333992,159252.1844030033
E3_MACD,EX4_MACD,12,0.5,-136209.4201953555,0.6043660206333992,159252.1844030033
E2,EX1,52,0.28846153846153844,-141927.76485105522,0.955359045541106,1504027.125197718
E2,EX3,70,0.2571428571428571,-146149.052313535,0.9532825570647833,1386259.6174396689
E3,EX2,48,0.39583333333333326,-147194.53655948024,0.9048970921571021,419006.61817101936
E3,EX4_MACD,48,0.39583333333333326,-149119.70570977754,0.9011033561412025,389157.436528055
E3,EX7_MACD,48,0.39583333333333326,-149119.70570977754,0.9011033561412025,389157.436528055
E2,EX5_MACD,83,0.3132530120481928,-168391.98130176647,0.9486481266768134,1164955.2013449827
E1,EX3_MACD,118,0.288135593220339,-175994.2441743855,0.9552668583603173,1493588.4630001986
E3_MACD,EX3_MACD,12,0.33333333333333326,-178627.3197399652,0.5152279553412034,178627.31973996526
E3_MACD,EX1_MACD,12,0.33333333333333326,-178627.3197399652,0.5152279553412034,178627.31973996526
E3_MACD,EX6,12,0.33333333333333326,-178627.3197399652,0.5152279553412034,178627.31973996526
E3_MACD,EX5_MACD,12,0.33333333333333326,-178627.3197399652,0.5152279553412034,178627.31973996526
E3,EX2_MACD,48,0.39583333333333326,-189025.47156898177,0.8778699779028766,429063.20238725934
E2_MACD,EX3_MACD,27,0.3703703703703704,-194468.01277216148,0.7648875607696968,319087.3325518931
E2_MACD,EX5_MACD,27,0.3703703703703704,-194468.01277216148,0.7648875607696968,319087.3325518931
E2_MACD,EX1_MACD,27,0.3703703703703704,-264391.45420248026,0.7052660211912094,389010.77398221195
E2_MACD,EX6,27,0.3703703703703704,-264391.45420248026,0.7052660211912094,389010.77398221195
E2,EX3_MACD,82,0.3170731707317073,-281921.61096786754,0.9169036757653314,1343350.2094039624
E1,EX5_MACD,121,0.2727272727272727,-312211.22175534634,0.9223576451003727,1389381.7665957012
E1_MACD,EX5_MACD,40,0.3,-434201.89653696644,0.6288875543638032,499745.7110267784
E1_MACD,EX1_MACD,41,0.2926829268292683,-436491.47113142326,0.6786609106817951,692890.2952966861
E1_MACD,EX3_MACD,40,0.3,-444934.8846869874,0.623170904135634,510478.69917679933
E1,EX7,234,0.4230769230769231,-477673.5185460062,0.8965076970435178,1051187.90764925
E2,EX7,127,0.3464566929133859,-512521.0664553036,0.844822220939048,789549.8456591192
E2,EX4,127,0.3464566929133859,-512521.0664553036,0.844822220939048,789549.8456591192
E1_MACD,EX6,41,0.2926829268292683,-517921.21119196154,0.6402778733346829,774320.0353572244
E1,EX7_MACD,236,0.4279661016949153,-525002.0940884651,0.8862535316180441,1051187.9076492498
E2,EX2,127,0.3464566929133859,-552426.8323145079,0.8347365936816524,829455.6115183234
E2,EX7_MACD,129,0.34883720930232553,-559849.6419977626,0.8306432143854504,806290.5486371121
E2,EX4_MACD,129,0.34883720930232553,-559849.6419977626,0.8306432143854504,806290.5486371121
E2,EX2_MACD,129,0.34883720930232553,-599755.4078569667,0.820735576916805,846196.3144963162
E1,EX1,71,0.2535211267605634,-628006.680680823,0.838629674774278,1743199.4669191847
MACD_DOTEN,MACD_DOTEN,110,0.3181818181818182,-768403.9905480393,0.8366151111594055,1933135.2446568813
E1,EX1_MACD,126,0.31746031746031744,-945182.9782704953,0.8195508319271901,1787786.740104819
E1,EX4,319,0.4200626959247649,-1124877.186801334,0.8081233592787087,1195551.2762727444
E1,EX2,318,0.42138364779874216,-1157923.526262487,0.8035935823360711,1228597.6157338973
E1,EX4_MACD,321,0.4236760124610592,-1172205.762343793,0.8000502574398902,1216193.113859105
E1,EX2_MACD,320,0.425,-1205252.1018049456,0.7955657326857275,1249239.4533202578
